Year,Theory of Computation,Algorithms,Digital Logic,Operating System,Databases,Compiler Design,IS & Software Engg.,CO & Architecture,Programming,Data Structures,Computer Networks,Web Technologies,Discrete Mathematics,Mathematical Logic,Set Theory & Algebra,Combinatory,Graph Theory,Engineering Mathematics,Probability,Linear Algebra,Numerical Methods,Calculus,Quantitative Aptitude,Verbal Aptitude,Analytical Aptitude,Spatial Aptitude
2023,3,2,2,3,1,1,0,2,1,2,2,0,0,1,0,1,0,0,0,2,0,2,1,2,1,1
2022,2,2,1,2,3,2,0,3,1,2,2,0,0,0,1,1,1,0,0,1,0,1,2,1,1,1
2020,3,2,2,1,2,2,0,3,1,3,2,0,0,0,2,0,0,0,0,0,0,0,2,5,0,0
2019,2,2,4,2,2,2,0,2,2,1,1,0,0,0,1,2,1,0,2,1,0,1,2,3,0,0
2018,2,1,2,3,2,1,0,2,2,2,3,0,0,0,1,1,1,0,1,1,0,1,3,2,0,0
2013,2,3,2,2,1,1,1,2,1,1,3,0,0,0,1,0,1,0,1,1,1,1,1,4,0,0
2012,3,4,3,1,3,1,0,1,1,1,3,0,0,0,0,0,0,0,0,0,0,0,1,4,0,0
2011,2,1,3,4,1,2,3,1,1,1,2,1,0,0,0,0,1,0,2,0,0,0,1,4,0,0
2010,1,1,4,3,3,1,2,1,2,1,1,1,0,0,1,0,1,0,0,0,1,1,1,4,0,0
